GeneID,#Replicon Name,Start,Stop,Strand
1194837,chr,105,677,+
1194838,chr,768,1796,-
1194840,chr,3419,5188,+
1194841,chr,5251,6306,-
1194842,chr,6309,7397,-
1194843,chr,7458,8315,-
1194844,chr,8427,9197,+
1194845,chr,9202,10206,+
1194846,chr,10203,10577,+
1194847,chr,10581,11420,+
1194848,chr,11421,12161,+
1194849,chr,12154,12753,+
1194850,chr,12746,14728,+
1194851,chr,14725,15345,-
1194852,chr,15345,15716,-
1194853,chr,15995,16804,+
1194854,chr,16807,17808,-
1194855,chr,17792,18304,-
1194856,chr,18312,19979,-
1194858,chr,21058,22101,-
1194859,chr,22146,22739,-
1194860,chr,22819,23958,+
1194861,chr,23965,24696,-
1194862,chr,24697,25623,-
1194863,chr,25753,26391,+
1194864,chr,26399,27448,+
1194865,chr,27434,27865,-
1194866,chr,27855,28490,-
1194867,chr,28492,29472,-
1194868,chr,29543,31015,+
1194869,chr,31027,31479,+
1194870,chr,31550,32089,-
1194871,chr,32157,34037,-
1194872,chr,34037,35836,-
1194873,chr,35857,36609,-
1194874,chr,36606,38123,-
1194875,chr,38136,39638,-
1194876,chr,39826,40677,+
1194878,chr,40761,41432,-
1194879,chr,41443,42483,-
1194880,chr,42480,42881,-
1194881,chr,42907,45354,-
1194882,chr,45446,45991,+
1194883,chr,46011,46379,-
1194886,chr,47167,47841,+
1194887,chr,47917,48606,+
1194888,chr,48603,49259,-
1194889,chr,49341,50012,+
1194890,chr,50112,50474,-
1194891,chr,50490,51251,-
1194892,chr,51253,52434,-
1194893,chr,52454,53461,-
1194894,chr,53534,55504,-
1194895,chr,55501,56280,-
1194896,chr,56281,56748,-
1194897,chr,56832,57185,-
1194898,chr,57259,57975,+
1194899,chr,58029,58982,-
1194900,chr,59101,60039,-
1194901,chr,60036,60533,-
1194902,chr,60568,61257,-
1194903,chr,61254,63032,-
1194904,chr,63147,64028,+
1194905,chr,64038,65276,+
1194906,chr,65291,65752,+
1194907,chr,65768,67240,+
1194908,chr,67248,69569,+
1194909,chr,69566,70126,+
1194910,chr,70142,71219,+
1194911,chr,71201,72610,+
1194912,chr,72647,73492,+
1194913,chr,73489,74517,+
1194916,chr,75774,76454,+
1194917,chr,76451,77701,+
1194918,chr,77711,79009,-
1194919,chr,79002,79322,-
1194920,chr,79505,80773,+
1194921,chr,80983,81408,+
1194922,chr,81405,82940,+
1194923,chr,82970,83920,-
1194924,chr,84041,85720,-
1194925,chr,85880,86854,-
1194926,chr,86926,87360,-
1194927,chr,87377,89203,-
1194928,chr,89200,89808,-
1194929,chr,89811,91115,-
1194930,chr,91137,92864,-
1194931,chr,92878,93423,-
1194932,chr,93433,94032,-
1194933,chr,94219,94605,-
1194934,chr,94611,96953,-
1194935,chr,96943,97866,-
1194936,chr,97863,98648,-
1194937,chr,98817,100205,+
1194938,chr,100228,100749,+
1194939,chr,100746,101339,-
1194940,chr,101525,102949,-
1194941,chr,103016,103771,-
1194942,chr,103764,105299,-
1194943,chr,105418,105846,-
1194944,chr,105884,106894,-
1194945,chr,106974,108170,-
1194946,chr,108307,109671,+
1194947,chr,109675,111042,-
1194948,chr,111046,111567,-
1194949,chr,111585,111875,-
1194950,chr,111889,112338,-
1194951,chr,112350,112769,-
1194952,chr,112909,114603,-
1194953,chr,114807,115508,+
1194954,chr,115505,116806,-
1194955,chr,117678,118370,-
1194956,chr,118375,118929,-
1194957,chr,118964,119803,-
1194958,chr,119807,120589,-
1194959,chr,120804,121082,-
1194960,chr,121101,121823,-
1194961,chr,121880,122491,-
1194962,chr,122491,124146,-
1194963,chr,124149,124814,-
1194964,chr,124798,125547,-
1194965,chr,125534,126301,-
1194966,chr,126316,127413,-
1194967,chr,127427,130132,-
1194968,chr,130170,131114,-
1194969,chr,131298,132425,+
1194970,chr,132472,133842,-
1194971,chr,133975,135864,+
1194972,chr,135874,137766,-
1194973,chr,137880,138089,-
1194974,chr,138434,138745,-
1194976,chr,141979,142932,-
1194977,chr,142944,144230,-
1194978,chr,144307,144597,+
1194979,chr,144586,145458,-
1194980,chr,145471,146370,-
1194981,chr,146377,147495,-
1194982,chr,147649,148659,-
1194984,chr,148786,150783,-
1194986,chr,150974,152179,+
1194987,chr,152206,153012,+
1194988,chr,153075,153686,-
1194989,chr,153701,156400,-
1194990,chr,156462,157598,+
1194991,chr,157627,158061,+
1194992,chr,158076,158474,+
1194993,chr,158628,159344,+
1194994,chr,159368,160042,+
1194995,chr,160090,161208,+
1194996,chr,161200,162801,-
1194997,chr,162878,163045,+
1194998,chr,163072,164820,-
1194999,chr,164901,165887,-
1195000,chr,165915,167759,-
1195001,chr,167879,169399,-
1195002,chr,169563,170708,+
1195003,chr,170720,171097,-
1195004,chr,171263,171484,+
1195005,chr,171532,173535,-
1195006,chr,173529,174116,-
1195007,chr,174098,174970,-
1195008,chr,175081,176082,-
1195009,chr,176069,176974,-
1195010,chr,176978,177853,-
1195011,chr,177868,178860,-
1195012,chr,178917,179543,-
1195013,chr,179540,181405,-
1195014,chr,181408,182802,-
1195015,chr,182886,183380,+
1195016,chr,183392,185275,+
1195017,chr,185278,186552,+
1195018,chr,186554,186946,+
1195019,chr,186949,187194,+
1195020,chr,187178,187831,-
1195021,chr,187824,188237,-
1195022,chr,188234,188494,-
1195023,chr,188708,189055,-
1195024,chr,189076,189276,-
1195025,chr,189299,189859,-
1195027,chr,190187,190717,+
1195028,chr,190719,191459,+
1195029,chr,191518,192327,-
1195030,chr,192324,193463,-
1195031,chr,193800,194873,+
1195032,chr,194876,195736,+
1195033,chr,195693,197696,+
1195034,chr,197686,199950,+
1195035,chr,199965,201050,-
1195036,chr,201052,202578,-
1195038,chr,202850,204088,+
1195039,chr,204137,205072,+
1195040,chr,205175,206044,+
1195042,chr,206529,208106,+
1195043,chr,208084,208581,-
1195045,chr,209529,211274,+
1195046,chr,211301,212068,+
1195047,chr,212061,215420,+
1195048,chr,215427,217259,+
1195049,chr,217278,218312,+
1195050,chr,218425,219078,-
1195051,chr,219056,219634,-
1195052,chr,219800,220639,+
1195053,chr,220729,221637,+
1195054,chr,221742,223178,+
1195055,chr,223179,223961,+
1195056,chr,223964,224785,-
1195057,chr,224826,226610,-
1195058,chr,226610,227827,-
1195059,chr,227814,228521,-
1195062,chr,229217,230224,+
1195063,chr,230214,231491,-
1195064,chr,231621,232322,+
1195065,chr,232338,235253,+
1195066,chr,235289,235534,-
1195067,chr,235595,237142,-
1195068,chr,237222,237629,-
1195069,chr,237630,237956,-
1195070,chr,237969,238226,-
1195071,chr,238301,239128,-
1195072,chr,239144,240250,-
1195073,chr,240283,242289,-
1195074,chr,242438,244003,+
1195075,chr,243943,244713,-
1195076,chr,244777,245382,-
1195077,chr,245790,246554,+
1195078,chr,246597,248102,+
1195079,chr,248156,248434,+
1195080,chr,248506,250089,+
1195081,chr,250176,250670,-
1195082,chr,250657,251211,-
1195083,chr,251212,252237,-
1195084,chr,252434,253039,+
1195085,chr,253159,254931,+
1195086,chr,254945,255649,+
1195087,chr,255646,256260,+
1195088,chr,256463,258985,+
1195089,chr,259000,261303,+
1195090,chr,261292,263712,-
1195091,chr,263988,266114,+
1195092,chr,266107,267051,+
1195093,chr,267066,267275,+
1195094,chr,267313,269676,-
1195095,chr,269673,270473,-
1195096,chr,270488,272641,-
1195097,chr,272634,273647,-
1195098,chr,273857,275236,+
1195099,chr,275243,276496,-
1195100,chr,276558,277064,+
1195101,chr,277090,278559,-
1195102,chr,278537,279058,-
1195103,chr,279078,279380,-
1195104,chr,279407,281311,-
1195105,chr,281314,281793,-
1195106,chr,281800,282687,-
1195107,chr,282699,283865,-
1195108,chr,283869,285962,-
1195109,chr,285971,287089,-
1195110,chr,287089,287877,-
1195111,chr,287910,288173,-
1195112,chr,288182,288946,-
1195113,chr,288957,289583,-
1195114,chr,289576,289917,-
1195115,chr,289963,291021,-
1195116,chr,291059,291595,-
1195117,chr,291644,292426,-
1195118,chr,292426,293208,-
1195119,chr,293205,293429,-
1195120,chr,293452,294780,-
1195121,chr,294785,295228,-
1195122,chr,295242,296420,-
1195123,chr,296428,297045,-
1195124,chr,297038,297469,-
1195125,chr,297466,298776,-
1195126,chr,298795,299715,-
1195127,chr,299730,300764,-
1195128,chr,300780,302489,-
1195129,chr,302504,302839,-
1195130,chr,302851,303309,-
1195131,chr,303333,303740,-
1195132,chr,303774,305120,-
1195133,chr,305113,305661,-
1195134,chr,305671,306615,-
1195135,chr,306625,307317,-
1195136,chr,307318,308517,-
1195137,chr,308539,309780,-
1195138,chr,309780,310523,-
1195139,chr,310559,311617,-
1195140,chr,311660,312715,-
1195141,chr,312729,314123,-
1195142,chr,314146,314427,-
1195143,chr,314424,315314,-
1195144,chr,315307,316143,-
1195145,chr,316140,317216,-
1195146,chr,317247,318005,-
1195148,chr,318277,319116,-
1195149,chr,319106,319636,-
1195150,chr,319680,320249,-
1195151,chr,320309,321352,+
1195152,chr,321352,322038,+
1195153,chr,322040,322846,-
1195154,chr,322847,323779,-
1195155,chr,323776,325236,-
1195156,chr,325236,326288,-
1195158,chr,326469,326666,-
1195159,chr,326699,327757,-
1195160,chr,328032,329165,+
1195161,chr,329262,329621,+
1195162,chr,329643,330752,-
1195163,chr,330803,333598,-
1195164,chr,333619,334515,-
1195165,chr,334937,336508,+
1195166,chr,336629,338215,+
1195167,chr,338358,339983,+
1195168,chr,340062,340217,-
1195169,chr,340341,341261,+
1195170,chr,341274,342323,+
1195171,chr,342335,343207,+
1195172,chr,343208,344179,+
1195173,chr,344192,344932,-
1195174,chr,345063,346364,+
1195175,chr,346431,346841,-
1195176,chr,346861,347301,-
1195177,chr,347351,348160,-
1195178,chr,348153,349610,-
1195179,chr,349600,351045,-
1195180,chr,351056,351331,-
1195181,chr,351341,353437,-
1195182,chr,353440,354636,-
1195183,chr,354648,355298,-
1195184,chr,355491,356909,+
1195185,chr,357007,358440,+
1195186,chr,358458,359198,+
1195187,chr,359217,359495,-
1195188,chr,359513,361078,-
1195189,chr,361188,362321,+
1195190,chr,362318,364117,-
1195191,chr,364130,364972,-
1195192,chr,365115,365603,-
1195195,chr,366229,366960,-
1195196,chr,366964,368391,-
1195197,chr,368456,368881,+
1195198,chr,368885,370027,+
1195199,chr,370027,371013,+
1195200,chr,371034,373046,+
1195201,chr,373140,373520,+
1195202,chr,373567,374151,-
1195203,chr,374277,375653,+
1195204,chr,375661,375939,+
1195205,chr,375961,377019,-
1195206,chr,377039,379258,-
1195207,chr,379341,380558,-
1195208,chr,380555,381892,-
1195209,chr,381910,383382,-
1195210,chr,383395,384162,-
1195211,chr,384287,385426,+
1195212,chr,385449,386162,+
1195213,chr,386159,387337,+
1195214,chr,387334,387807,+
1195215,chr,387818,388480,-
1195216,chr,388507,388926,-
1195217,chr,388977,390341,-
1195218,chr,390392,391819,-
1195219,chr,391932,392957,-
1195220,chr,393044,394063,-
1195221,chr,394105,395166,-
1195222,chr,395481,396506,-
1195223,chr,396604,397077,-
1195224,chr,397102,397476,-
1195225,chr,397544,401677,-
1195226,chr,401693,405160,-
1195227,chr,405243,405617,-
1195228,chr,405688,406176,-
1195229,chr,406181,406861,-
1195230,chr,406861,407292,-
1195231,chr,407344,407898,-
1195232,chr,407922,408092,-
1195234,chr,408201,408380,-
1195235,chr,408554,409402,-
1195236,chr,409416,410447,-
1195237,chr,410787,411446,+
1195238,chr,411456,413006,-
1195239,chr,413113,414315,+
1195240,chr,414327,415793,-
1195241,chr,415846,416478,-
1195242,chr,416689,417105,+
1195243,chr,417102,417713,+
1195244,chr,417724,418335,+
1195245,chr,418388,419506,-
1195246,chr,419503,421380,-
1195247,chr,421554,422183,+
1195250,chr,423055,423834,+
1195251,chr,423822,424442,-
1195252,chr,424694,425551,+
1195253,chr,425584,426711,+
1195254,chr,426736,427950,+
1195255,chr,427987,428622,+
1195256,chr,428646,429674,+
1195257,chr,429693,430616,-
1195258,chr,430619,435103,-
1195263,chr,441713,442552,-
1195264,chr,442688,443248,-
1195271,chr,446327,446875,-
1195272,chr,446969,447736,-
1195273,chr,447855,448172,+
1195274,chr,448202,448591,-
1195275,chr,448708,449310,+
1195276,chr,449419,450171,+
1195277,chr,450174,450887,+
1195279,chr,451139,451921,-
1195280,chr,452040,454472,-
1195281,chr,454484,456388,-
1195282,chr,456576,458036,+
1195283,chr,458277,459434,+
1195284,chr,459525,459824,+
1195285,chr,459916,460071,+
1195286,chr,460052,460411,+
1195287,chr,460398,462032,+
1195288,chr,462045,462773,+
1195289,chr,462819,463886,+
1195290,chr,464053,465132,+
1195291,chr,465518,467278,-
1195292,chr,467282,469387,-
1195293,chr,469390,469665,-
1195294,chr,469678,469971,-
1195295,chr,469961,471220,-
1195296,chr,471223,471756,-
1195297,chr,471771,472358,-
1195298,chr,472566,473408,+
1195299,chr,473405,474556,-
1195300,chr,474613,475602,+
1195301,chr,475606,476211,+
1195302,chr,476263,478005,-
1195303,chr,478196,479716,+
1195304,chr,479709,481019,+
1195305,chr,481344,482057,-
1195307,chr,482600,484282,+
1195308,chr,484287,484586,+
1195309,chr,484757,485266,+
1195310,chr,485550,486077,+
1195311,chr,486074,486769,+
1195312,chr,486747,487538,+
1195313,chr,487535,488224,+
1195314,chr,488226,488972,+
1195315,chr,488983,489495,+
1195317,chr,489733,490554,+
1195318,chr,490644,491927,+
1195319,chr,492588,493952,+
1195321,chr,494150,494539,-
1195322,chr,495033,496217,+
1195323,chr,496268,496579,+
1195324,chr,496615,497235,+
1195325,chr,497245,497874,+
1195326,chr,497895,498191,+
1195327,chr,498213,499046,+
1195328,chr,499056,499334,+
1195329,chr,499341,499703,+
1195330,chr,499707,500588,+
1195331,chr,500593,501009,+
1195332,chr,501015,501212,+
1195333,chr,501215,501469,+
1195334,chr,501497,501865,+
1195335,chr,501880,502185,+
1195336,chr,502191,502739,+
1195337,chr,502756,502941,+
1195338,chr,502951,503349,+
1195339,chr,503366,503908,+
1195340,chr,503926,504285,+
1195341,chr,504298,504795,+
1195342,chr,504799,505104,+
1195343,chr,505104,505541,+
1195344,chr,505554,506858,+
1195345,chr,506865,506984,+
1195346,chr,507002,507379,+
1195347,chr,507406,507798,+
1195348,chr,507814,508848,+
1195349,chr,508870,509241,+
1195350,chr,509314,510846,+
1195351,chr,510836,511624,+
11493326,chr,511605,512396,+
1195353,chr,512393,513139,-
1195354,chr,513226,514527,+
1195355,chr,514524,515783,+
1195358,chr,516493,522993,+
1195359,chr,522990,524576,+
1195360,chr,524554,526254,+
1195361,chr,526325,527305,+
1195363,chr,528104,529198,-
1195364,chr,529198,531105,-
1195365,chr,531129,531692,-
1195370,chr,534301,535155,+
1195371,chr,535178,535600,-
1195372,chr,535704,537527,+
1195373,chr,537544,538308,+
1195374,chr,538328,539275,-
1195377,chr,540159,540773,-
1195379,chr,542263,543024,+
1195380,chr,543049,543816,+
1195381,chr,543832,544605,+
1195382,chr,544586,547387,+
1195384,chr,547846,548490,-
1195385,chr,548487,548885,-
1195386,chr,548920,549618,-
1195387,chr,549642,551723,-
1195389,chr,552440,553018,+
1195390,chr,553139,553789,+
1195391,chr,553992,555212,+
1195392,chr,555216,556580,+
1195393,chr,556563,557423,-
1195394,chr,557407,558024,-
1195395,chr,558006,560732,-
1195396,chr,560729,561127,-
1195397,chr,561117,561554,-
1195398,chr,561563,561943,-
1195399,chr,562185,564167,+
1195400,chr,564188,565681,-
1195401,chr,565955,567823,+
1195402,chr,567810,568277,+
1195403,chr,568270,569139,+
1195404,chr,569278,569538,+
1195405,chr,569559,571280,+
1195406,chr,571283,571852,+
1195407,chr,571890,573740,-
1195408,chr,573853,575247,+
1195409,chr,575274,575816,-
1195410,chr,575981,576499,-
1195411,chr,576582,577187,-
1195412,chr,577395,577937,+
1195413,chr,577950,578261,+
1195414,chr,578277,580421,+
1195415,chr,580486,581643,+
1195416,chr,581645,583417,+
1195417,chr,583458,583832,+
1195418,chr,584191,584880,-
1195419,chr,585080,586156,+
1195420,chr,586218,587024,+
1195421,chr,587031,587882,+
1195422,chr,588066,589667,+
1195423,chr,589684,590208,-
1195424,chr,590348,590935,+
1195425,chr,591188,592357,+
1195426,chr,592446,595931,+
1195427,chr,595943,596521,+
1195428,chr,596531,598591,+
1195429,chr,598588,599376,-
1195430,chr,599495,600844,+
1195431,chr,601010,602344,+
1195432,chr,602374,603729,+
1195433,chr,603726,604769,-
1195434,chr,604779,606983,-
1195435,chr,607138,607935,+
1195436,chr,608020,609078,+
1195437,chr,609061,609906,-
1195438,chr,609943,611193,-
1195439,chr,611309,612022,+
1195440,chr,612048,613985,+
1195441,chr,614014,615771,-
1195442,chr,615764,616390,-
1195443,chr,616412,618559,-
1195444,chr,618828,621035,+
1195445,chr,621045,621953,-
1195446,chr,622005,623447,+
1195447,chr,623451,625007,+
1195448,chr,625007,626260,+
1195449,chr,626286,627038,+
1195450,chr,627092,628948,-
1195451,chr,629196,630698,-
1195452,chr,630796,631986,+
1195453,chr,631991,632482,+
1195454,chr,632485,634464,+
1195455,chr,634581,636011,+
1195459,chr,636593,637957,+
1195460,chr,637972,638556,+
1195461,chr,638580,639872,+
1195462,chr,639859,642249,+
1195463,chr,642289,642441,+
1195464,chr,642500,643126,-
1195465,chr,643295,644650,-
1195466,chr,644772,645140,+
1195467,chr,645137,645601,-
1195468,chr,645719,646681,+
1195469,chr,646659,648254,-
1195471,chr,648553,649107,+
1195472,chr,649170,650387,-
1195473,chr,650413,653790,-
1195474,chr,653887,654849,+
1195475,chr,654863,656902,+
1195477,chr,656998,657543,-
1195478,chr,657546,658817,-
1195479,chr,658898,659623,+
1195480,chr,659644,661515,-
1195481,chr,661606,662529,+
1195482,chr,662603,662917,-
1195484,chr,663179,665011,-
1195485,chr,665008,668517,-
1195487,chr,671767,673167,-
1195488,chr,673342,674778,+
1195489,chr,675035,676378,+
1195490,chr,676472,677860,+
1195491,chr,677892,678938,-
1195492,chr,678959,679750,-
1195493,chr,679754,680557,-
1195494,chr,680563,681606,-
1195495,chr,681685,682524,-
1195496,chr,682679,683377,+
1195497,chr,683423,684967,+
1195498,chr,684997,685980,-
1195499,chr,685977,686507,-
1195500,chr,686607,688295,-
1195501,chr,688490,690127,+
1195502,chr,690193,690489,+
1195503,chr,690482,690799,+
1195504,chr,690885,692645,+
1195505,chr,692629,693528,+
1195506,chr,693554,694696,+
1195507,chr,694693,695523,-
1195508,chr,695631,696764,+
1195509,chr,696751,697437,-
1195510,chr,697586,698332,+
1195511,chr,698400,699965,-
1195512,chr,700052,700924,-
1195513,chr,701029,701385,+
1195514,chr,701395,701805,+
1195515,chr,701825,702274,+
1195516,chr,702283,702951,-
1195517,chr,703009,703968,+
1195518,chr,703961,704959,+
1195519,chr,704949,705500,+
1195520,chr,705580,706605,+
1195521,chr,706673,709267,+
1195522,chr,709274,710674,+
1195523,chr,710686,711171,+
1195524,chr,711211,711651,+
1195525,chr,711692,712207,-
1195526,chr,712204,713250,-
1195527,chr,713244,714107,-
1195528,chr,714104,714766,-
1195529,chr,715009,716619,+
1195530,chr,716620,717771,+
1195531,chr,717743,718669,+
1195532,chr,718827,721088,+
1195533,chr,721119,723020,+
1195534,chr,723063,724130,-
1195535,chr,724224,725447,+
1195536,chr,725431,726495,+
1195537,chr,726458,727753,+
1195538,chr,727737,728675,+
1195539,chr,728666,729619,+
1195540,chr,729613,730506,+
1195542,chr,730632,731099,-
1195543,chr,731184,731720,+
1195544,chr,731794,733803,+
1195546,chr,734081,735289,+
1195547,chr,735352,736686,+
1195548,chr,736699,736959,+
1195549,chr,736960,737208,+
1195550,chr,737212,737712,+
1195551,chr,737709,738428,+
1195552,chr,738406,738771,+
1195554,chr,739144,739683,+
1195555,chr,739685,740176,+
1195556,chr,740240,740422,+
1195557,chr,740446,740688,+
1195558,chr,740688,741425,+
1195559,chr,741396,742628,-
1195560,chr,742744,744516,+
1195561,chr,744522,744845,+
1195563,chr,745302,746333,+
1195566,chr,748123,750018,+
1195567,chr,750031,750789,+
1195568,chr,751191,752159,+
1195569,chr,752170,753219,+
1195570,chr,753292,754068,+
1195571,chr,754068,754550,+
1195572,chr,754637,756349,+
1195573,chr,756354,757670,+
1195574,chr,757836,759581,+
1195575,chr,759586,760215,+
1195576,chr,760226,761647,+
1195577,chr,761621,762154,-
1195578,chr,762251,763573,+
1195579,chr,763579,764361,+
1195580,chr,764371,765342,+
1195581,chr,765373,766716,+
1195582,chr,766733,768064,-
1195583,chr,768079,769470,-
1195584,chr,769547,771139,-
1195585,chr,771162,771563,-
1195586,chr,771570,774368,-
1195587,chr,774677,775462,+
1195588,chr,775666,776679,-
1195589,chr,776785,777573,+
1195591,chr,777765,778754,+
1195592,chr,778758,781385,+
1195593,chr,781486,782073,-
1195594,chr,782152,782829,-
1195595,chr,782976,783248,-
1195596,chr,783390,785021,+
1195597,chr,785057,786754,+
1195598,chr,786860,788962,+
1195601,chr,789303,789938,+
1195602,chr,789947,790807,-
1195603,chr,790807,791787,-
1195604,chr,791794,792252,-
1195605,chr,792351,793625,+
1195607,chr,793842,794855,-
1195608,chr,794875,796383,-
1195609,chr,796388,797122,-
1195610,chr,797119,798048,-
1195611,chr,798057,799016,-
1195612,chr,799208,800275,-
1195613,chr,800476,801072,+
1195614,chr,801119,801778,+
1195616,chr,801941,802798,-
1195617,chr,802838,803167,-
1195618,chr,803278,804165,+
1195620,chr,804417,805772,-
1195621,chr,805775,806923,-
1195622,chr,806920,807966,-
1195623,chr,807976,808464,-
1195624,chr,808461,809552,-
1195625,chr,809701,810495,-
1195626,chr,810470,811510,-
1195627,chr,811507,812388,-
1195628,chr,812439,813239,-
11493334,chr,813386,813706,-
1195629,chr,813690,814697,-
1195630,chr,814868,815302,-
1195631,chr,815502,816299,-
1195632,chr,816312,817160,-
1195633,chr,817396,817956,+
1195634,chr,818018,818548,+
1195635,chr,818605,818916,+
1195636,chr,818922,819242,+
1195637,chr,819242,819487,+
1195638,chr,819542,820528,+
1195639,chr,820607,821188,+
1195640,chr,821185,822369,+
1195641,chr,822344,822694,+
1195642,chr,822810,823103,+
1195643,chr,823263,823811,+
1195645,chr,823816,824382,+
1195646,chr,824382,825704,+
1195647,chr,825701,827620,+
1195648,chr,827631,829112,+
1195649,chr,829218,830321,+
1195650,chr,830318,830941,-
1195651,chr,830955,831563,-
1195652,chr,831646,836043,+
1195653,chr,836061,838526,+
1195654,chr,838547,839080,+
1195655,chr,839244,841832,+
1195656,chr,841834,842451,+
1195657,chr,842501,842989,+
1195658,chr,843003,844451,+
1195659,chr,844454,847102,+
1195660,chr,847126,847488,+
1195661,chr,847491,848339,+
1195662,chr,848538,848804,+
1195663,chr,848837,850987,+
1195664,chr,850994,852514,+
1195665,chr,852489,853778,+
1195666,chr,853775,854842,+
1195667,chr,854869,855996,+
1195668,chr,855989,857509,+
1195669,chr,857506,858915,+
1195670,chr,858939,860111,-
1195672,chr,860440,861774,+
1195674,chr,862699,863646,+
1195675,chr,863636,865042,+
1195676,chr,865053,865919,+
1195677,chr,865916,866458,+
1195678,chr,866494,866694,+
1195679,chr,866681,867601,+
1195681,chr,867743,868114,-
1195682,chr,868195,868740,+
1195683,chr,868733,869380,-
1195684,chr,869508,870023,-
1195685,chr,870112,872583,-
1195686,chr,872586,875132,-
1195687,chr,875207,876448,+
1195688,chr,876492,879281,+
1195689,chr,879315,880250,+
1195690,chr,880267,881091,-
1195691,chr,881085,884213,-
1195692,chr,884228,886447,-
1195693,chr,886470,888179,-
1195694,chr,888312,890318,+
1195695,chr,890322,893174,+
1195696,chr,893129,896569,+
11493335,chr,896579,897127,-
1195697,chr,897096,897695,-
1195698,chr,897704,899320,-
1195699,chr,899499,900731,+
1195700,chr,900799,901782,+
1195701,chr,901834,903258,+
1195702,chr,903929,904900,-
1195709,chr,908407,909591,+
1194436,cp9,163,1272,+
1194428,cp9,1282,1839,+
1194429,cp9,1892,2452,+
1194437,cp9,2590,2700,-
1194430,cp9,2804,3712,+
1194431,cp9,3853,4377,-
1194438,cp9,4504,4788,-
1194432,cp9,5534,5980,+
1194433,cp9,6281,6808,-
1194434,cp9,6974,7771,+
1194435,cp9,7911,9203,-
1194835,lp5,264,638,+
1194831,lp5,744,1097,+
1194836,lp5,1208,1576,+
1194832,lp5,2148,3254,+
1194833,lp5,3340,4332,+
1194834,lp5,4388,4819,+
1194411,cp26,46,324,+
1194420,cp26,308,751,-
1194419,cp26,837,2186,-
1194410,cp26,2476,3798,-
1194409,cp26,4084,4431,+
1194408,cp26,4482,4757,+
1194407,cp26,4769,5866,+
1194417,cp26,6677,7714,+
1194406,cp26,7836,8765,+
1194404,cp26,9275,10036,+
1194403,cp26,10104,10652,+
1194402,cp26,10920,11417,-
1194401,cp26,12014,13606,+
1194400,cp26,13893,15107,-
1194399,cp26,15132,16667,-
1194415,cp26,16903,17535,+
1194414,cp26,17966,19321,-
1194413,cp26,19431,20786,-
1194425,cp26,20858,21364,-
1194424,cp26,21339,21833,-
1194423,cp26,21898,22593,+
1194422,cp26,22603,23154,-
1194421,cp26,23255,24499,+
1194412,cp26,24825,26453,+
11473633,lp17,212,406,+
1194013,lp17,330,803,+
1194012,lp17,1410,1766,+
11473636,lp17,3652,3819,+
1194023,lp17,5056,5739,+
1194022,lp17,5874,6452,-
1194020,lp17,7785,8111,+
1194019,lp17,8267,9379,+
1194018,lp17,9591,9980,-
1194015,lp17,10984,11646,-
1194014,lp17,13339,14079,+
1194017,lp17,14070,14339,+
11473632,lp17,15718,15879,-
1194026,lp17,15889,16119,-
1194744,lp21,253,618,+
1194745,lp21,746,1114,+
1194737,lp21,1486,2628,+
1194738,lp21,2868,3656,+
1194739,lp21,14648,15235,+
1194740,lp21,15349,15813,+
1194747,lp21,15791,16084,+
1194741,lp21,16228,16548,-
1194748,lp21,16603,16800,+
1194742,lp21,16886,17878,+
1194043,lp25,6898,7761,+
1194066,lp25,9567,10187,-
1194067,lp25,10200,10694,-
1194044,lp25,11498,12079,-
1194045,lp25,12096,12854,-
1194036,lp25,12830,13393,-
1194037,lp25,13403,14530,-
1194038,lp25,15042,15545,-
1194040,lp25,21946,22677,-
1194235,lp36,188,1081,+
1194241,lp36,5288,6040,-
1194243,lp36,6366,6650,+
1194217,lp36,8164,8859,-
1194218,lp36,9373,9999,+
1194225,lp36,10301,11947,+
1194260,lp36,12602,13237,+
1194227,lp36,13577,14326,-
1194228,lp36,14302,14841,-
1194262,lp36,14834,15760,-
1194229,lp36,16275,16886,+
11473572,lp36,17380,17583,+
1194219,lp36,20389,21453,+
1194248,lp36,21720,21893,+
1194254,lp36,21912,22133,+
1194255,lp36,22294,22467,+
11473571,lp36,24067,24243,+
1194231,lp36,25103,25657,+
1194266,lp36,25813,26358,-
1194267,lp36,26585,26803,-
1194232,lp36,27383,28288,-
1194270,lp36,29477,30463,-
1194233,lp36,30719,31585,-
1194257,lp36,31827,32822,-
1194221,lp36,33081,34079,-
11473575,lp36,34403,34588,-
1194222,lp36,34595,35443,-
1194223,lp36,35868,36422,+
1194287,lp38,4576,5496,+
1194272,lp38,6089,6862,+
1194289,lp38,7780,7965,-
1194291,lp38,8877,9155,-
1194274,lp38,10518,11105,-
1194275,lp38,11152,11889,-
1194276,lp38,11862,12452,-
1194277,lp38,12445,13440,-
11473581,lp38,13577,13738,+
11473579,lp38,15220,15375,+
1194310,lp38,16520,17329,+
1194311,lp38,17388,18170,+
1194312,lp38,18214,19254,+
1194278,lp38,19313,20008,+
1194313,lp38,20001,21230,+
1194293,lp38,21223,21948,+
1194294,lp38,22043,23008,+
1194296,lp38,23366,24088,+
1194299,lp38,25337,26407,-
1194301,lp38,26995,28053,-
1194302,lp38,28278,28433,-
1194279,lp38,29905,30771,-
1194315,lp38,30942,31133,-
1194316,lp38,31220,32140,+
1194318,lp38,32498,33220,+
1194319,lp38,34372,34668,-
1194320,lp38,34905,35591,-
1194321,lp38,35634,36248,-
1194324,lp54,1461,1970,+
1194325,lp54,2045,2893,-
1194326,lp54,3003,4256,-
1194327,lp54,4667,5140,-
1194328,lp54,5314,5649,+
1194329,lp54,5646,6518,+
1194330,lp54,6521,7147,+
1194331,lp54,7209,8243,+
1194332,lp54,8266,8445,+
1194333,lp54,8442,8867,+
1194357,lp54,9457,10278,+
1194340,lp54,10288,11178,+
1194343,lp54,12995,13579,+
1194344,lp54,13555,14307,+
1194345,lp54,14338,14883,+
1194346,lp54,15370,15801,+
1194347,lp54,16001,16576,-
1194341,lp54,16696,17259,-
1194393,lp54,18128,18721,+
1194358,lp54,18725,20077,+
1194390,lp54,20718,20912,+
1194394,lp54,21087,21626,+
1194359,lp54,21684,23273,-
1194360,lp54,23777,24415,+
1194396,lp54,24498,25103,+
1194397,lp54,25468,26694,+
1194373,lp54,27390,27998,+
1194348,lp54,28014,28931,+
1194349,lp54,28935,29387,+
1194350,lp54,29384,29758,+
1194351,lp54,30094,30633,+
1194375,lp54,30710,31780,+
1194376,lp54,31780,32202,+
1194377,lp54,32261,32749,+
1194378,lp54,32742,32960,+
1194380,lp54,34385,34948,+
1194334,lp54,34988,35833,+
1194363,lp54,35954,36229,+
1194364,lp54,36256,36534,+
1194367,lp54,38161,39405,-
1194368,lp54,39630,39833,+
1194335,lp54,39873,40112,-
1194336,lp54,40212,41045,-
1194337,lp54,41396,42019,-
1194338,lp54,42267,42473,+
1194352,lp54,42624,43532,-
1194381,lp54,43685,44533,-
1194353,lp54,44712,45947,-
1194383,lp54,46473,47228,-
1194384,lp54,47476,48267,-
11473656,lp54,49853,50077,-
1194354,lp54,50286,51176,-
1194355,lp54,51706,52479,+
1194339,lp54,52706,53503,+
1194750,lp56,856,1407,+
1194752,lp56,2744,3496,+
1194753,lp56,3623,4108,+
1194754,lp56,4249,4986,-
1194755,lp56,5069,5830,-
1194756,lp56,5803,6339,-
1194795,lp56,6836,7411,+
1194757,lp56,7433,8392,+
1194758,lp56,8412,8867,+
1194759,lp56,8867,9250,+
1194761,lp56,9624,10190,+
1194796,lp56,10171,11283,+
1194797,lp56,11297,11725,+
1194798,lp56,11741,12196,+
1194799,lp56,12193,12429,+
1194800,lp56,12437,13732,+
1194801,lp56,13755,14438,+
1194802,lp56,14442,15392,+
1194803,lp56,15410,15964,+
1194762,lp56,15994,16326,+
1194763,lp56,16323,17198,+
1194764,lp56,17208,17813,+
1194765,lp56,17823,18638,+
1194766,lp56,18713,18916,+
1194767,lp56,18920,19267,+
1194768,lp56,19257,19592,+
1194769,lp56,19585,19938,+
1194770,lp56,20043,20738,+
1194771,lp56,20844,21455,+
1194772,lp56,21532,22479,-
1194773,lp56,22869,23966,+
1194774,lp56,23976,24542,+
1194775,lp56,24518,25273,+
1194777,lp56,25890,26426,+
1194778,lp56,26921,28246,+
1194779,lp56,28299,28724,+
1194780,lp56,28730,29506,-
1194781,lp56,29937,30974,+
1194806,lp56,31168,31710,+
1194807,lp56,31892,32458,+
1194782,lp56,32455,33807,+
1194808,lp56,35115,35807,+
1194809,lp56,35819,36385,+
1194810,lp56,36389,37135,+
1194816,lp56,39531,39905,+
1194785,lp56,40436,43696,-
11473551,lp56,50288,50461,+
1194792,lp56,51172,51528,-
1194829,lp56,52135,52608,-
1194830,lp56,52532,52726,-
1194468,cp32-1,66,1289,+
1194469,cp32-1,1306,1998,+
1194470,cp32-1,2011,2568,+
1194471,cp32-1,2575,3339,+
1194442,cp32-1,3963,4922,+
1194443,cp32-1,4942,5397,+
1194444,cp32-1,5397,5780,+
1194445,cp32-1,5768,6157,+
1194446,cp32-1,6154,6720,+
1194473,cp32-1,6701,7813,+
1194474,cp32-1,7828,8256,+
1194475,cp32-1,8272,8727,+
1194476,cp32-1,8724,8960,+
1194477,cp32-1,8968,10242,+
1194478,cp32-1,10265,10948,+
1194479,cp32-1,10952,11902,+
1194480,cp32-1,11920,12465,+
1194447,cp32-1,12495,12827,+
1194448,cp32-1,12824,13699,+
1194449,cp32-1,13709,14314,+
1194450,cp32-1,14324,15139,+
1194451,cp32-1,15215,15418,+
1194452,cp32-1,15422,15769,+
1194453,cp32-1,15759,16094,+
1194454,cp32-1,16087,16440,+
1194455,cp32-1,16578,17060,-
1194456,cp32-1,17232,17678,+
1194457,cp32-1,17715,18728,-
1194458,cp32-1,19114,20214,+
1194459,cp32-1,20224,20790,+
1194460,cp32-1,20766,21506,+
1194461,cp32-1,21561,22118,+
1194462,cp32-1,22131,22763,+
1194463,cp32-1,23231,24556,+
1194464,cp32-1,24609,25034,+
1194465,cp32-1,25040,25816,-
1194439,cp32-1,26235,26768,+
1194440,cp32-1,26796,27932,+
1194466,cp32-1,28116,28655,+
1194467,cp32-1,28835,29401,+
1194441,cp32-1,29398,30750,+
1194513,cp32-3,66,1289,+
1194514,cp32-3,1306,1998,+
1194515,cp32-3,2011,2568,+
1194516,cp32-3,2575,3339,+
1194502,cp32-3,3963,4922,+
1194503,cp32-3,4942,5397,+
1194504,cp32-3,5397,5780,+
1194505,cp32-3,5768,6157,+
1194506,cp32-3,6154,6720,+
1194518,cp32-3,6701,7813,+
1194519,cp32-3,7828,8256,+
1194520,cp32-3,8272,8727,+
1194521,cp32-3,8724,8960,+
1194522,cp32-3,8968,10242,+
1194523,cp32-3,10265,10948,+
1194524,cp32-3,10952,11902,+
1194525,cp32-3,11920,12465,+
1194507,cp32-3,12495,12827,+
1194508,cp32-3,12824,13699,+
1194481,cp32-3,13709,14314,+
1194483,cp32-3,15212,15415,+
1194484,cp32-3,15419,15766,+
1194485,cp32-3,15756,16091,+
1194486,cp32-3,16084,16437,+
1194509,cp32-3,16586,16903,+
1194487,cp32-3,17089,17697,+
1194488,cp32-3,17803,18249,+
1194489,cp32-3,18287,19228,-
1194491,cp32-3,19605,20705,+
1194492,cp32-3,20715,21281,+
1194493,cp32-3,21257,21997,+
1194495,cp32-3,22593,23183,+
1194496,cp32-3,23691,25016,+
1194497,cp32-3,25069,25494,+
1194498,cp32-3,25500,26276,-
1194499,cp32-3,26708,27298,+
1194500,cp32-3,27410,27919,+
1194512,cp32-3,28236,28874,+
1194501,cp32-3,28871,30223,+
1194556,cp32-4,66,1289,+
1194557,cp32-4,2013,2576,+
1194558,cp32-4,2580,3347,+
1194559,cp32-4,3376,3951,+
1194529,cp32-4,3973,4932,+
1194530,cp32-4,4952,5407,+
1194531,cp32-4,5407,5790,+
1194532,cp32-4,5778,6167,+
1194533,cp32-4,6164,6730,+
1194560,cp32-4,6711,7823,+
1194561,cp32-4,7838,8266,+
1194562,cp32-4,8282,8737,+
1194563,cp32-4,8734,8970,+
1194564,cp32-4,8978,10273,+
1194565,cp32-4,10296,10892,+
1194566,cp32-4,10896,11846,+
1194567,cp32-4,11864,12418,+
1194534,cp32-4,12448,12780,+
1194535,cp32-4,12777,13652,+
1194536,cp32-4,13662,14267,+
1194537,cp32-4,14277,15092,+
1194538,cp32-4,15167,15370,+
1194539,cp32-4,15374,15721,+
1194540,cp32-4,15711,16046,+
1194541,cp32-4,16039,16392,+
1194542,cp32-4,16497,16997,+
1194543,cp32-4,17103,17525,+
1194544,cp32-4,17573,18583,-
1194545,cp32-4,18960,20057,+
1194546,cp32-4,20067,20633,+
1194547,cp32-4,20609,21364,+
1194548,cp32-4,21415,21960,+
1194550,cp32-4,22831,24156,+
1194551,cp32-4,24210,24635,+
1194552,cp32-4,24641,25435,-
1194526,cp32-4,26005,26820,+
1194527,cp32-4,26853,27527,+
1194554,cp32-4,27676,28203,+
1194555,cp32-4,28384,28950,+
1194528,cp32-4,28947,30299,+
1194601,cp32-6,66,1289,+
1194602,cp32-6,1306,1998,+
1194603,cp32-6,2010,2573,+
1194604,cp32-6,2577,3344,+
1194605,cp32-6,3373,3948,+
1194591,cp32-6,3970,4929,+
1194592,cp32-6,4949,5404,+
1194593,cp32-6,5404,5787,+
1194594,cp32-6,5775,6164,+
1194595,cp32-6,6161,6730,+
1194606,cp32-6,6711,7823,+
1194607,cp32-6,7838,8266,+
1194608,cp32-6,8282,8737,+
1194609,cp32-6,8734,8970,+
1194610,cp32-6,8978,10252,+
1194611,cp32-6,10275,10958,+
1194596,cp32-6,10962,11912,+
1194597,cp32-6,11930,12484,+
1194570,cp32-6,12514,12846,+
1194571,cp32-6,12843,13718,+
1194572,cp32-6,13728,14333,+
1194574,cp32-6,15231,15434,+
1194575,cp32-6,15438,15785,+
1194576,cp32-6,15775,16110,+
1194577,cp32-6,16103,16456,+
1194578,cp32-6,16593,17075,-
1194579,cp32-6,17247,17696,+
1194580,cp32-6,17733,18680,-
1194581,cp32-6,19069,20169,+
1194582,cp32-6,20179,20745,+
1194583,cp32-6,20721,21470,+
1194584,cp32-6,21520,22098,+
1194585,cp32-6,22102,22770,+
1194586,cp32-6,23241,24566,+
1194587,cp32-6,24619,25044,+
1194588,cp32-6,25050,25820,-
1194589,cp32-6,26257,27015,+
1194599,cp32-6,27077,27745,-
1194600,cp32-6,27923,28489,+
1194590,cp32-6,28486,29838,+
1194642,cp32-7,65,1288,+
1194643,cp32-7,1305,1997,+
1194644,cp32-7,2010,2567,+
1194645,cp32-7,2574,3338,+
1194646,cp32-7,3368,3940,+
1194623,cp32-7,3962,4921,+
1194624,cp32-7,4935,5396,+
1194625,cp32-7,5378,5779,+
1194626,cp32-7,5767,6156,+
1194627,cp32-7,6153,6722,+
1194647,cp32-7,6703,7815,+
1194648,cp32-7,7830,8258,+
1194649,cp32-7,8274,8729,+
1194650,cp32-7,8726,8962,+
1194651,cp32-7,8970,10304,+
1194652,cp32-7,10317,10958,+
1194653,cp32-7,10962,11903,+
1194654,cp32-7,11904,12473,+
1194628,cp32-7,12503,12835,+
1194629,cp32-7,12832,13710,+
1194630,cp32-7,13716,14321,+
1194631,cp32-7,14331,15146,+
1194632,cp32-7,15222,15425,+
1194633,cp32-7,15429,15785,+
1194634,cp32-7,15766,16101,+
1194635,cp32-7,16088,16447,+
1194636,cp32-7,16522,17139,+
1194637,cp32-7,17245,17667,+
1194655,cp32-7,17712,18770,-
1194612,cp32-7,19117,20214,+
1194613,cp32-7,20224,20790,+
1194614,cp32-7,20766,21515,+
1194615,cp32-7,21522,22076,+
1194616,cp32-7,22088,22660,+
1194638,cp32-7,22627,22755,-
1194617,cp32-7,23093,24460,+
1194618,cp32-7,24513,24938,+
1194619,cp32-7,24944,25720,-
1194620,cp32-7,26152,26841,+
1194621,cp32-7,26893,27984,+
1194639,cp32-7,28004,28117,-
1194640,cp32-7,28134,28703,+
1194641,cp32-7,28885,29451,+
1194622,cp32-7,29448,30800,+
1194686,cp32-8,66,1289,+
1194687,cp32-8,1306,1998,+
1194688,cp32-8,2011,2568,+
1194689,cp32-8,2575,3339,+
1194667,cp32-8,3963,4922,+
1194668,cp32-8,4942,5397,+
1194669,cp32-8,5397,5780,+
1194670,cp32-8,5768,6157,+
1194671,cp32-8,6154,6720,+
1194691,cp32-8,6701,7813,+
1194692,cp32-8,7828,8256,+
1194693,cp32-8,8272,8727,+
1194694,cp32-8,8724,8960,+
1194695,cp32-8,8968,10242,+
1194696,cp32-8,10265,10948,+
1194697,cp32-8,10952,11902,+
1194698,cp32-8,11920,12465,+
1194672,cp32-8,12495,12827,+
1194673,cp32-8,12824,13699,+
1194674,cp32-8,13709,14314,+
1194675,cp32-8,14324,15139,+
1194676,cp32-8,15215,15418,+
1194677,cp32-8,15422,15769,+
1194678,cp32-8,15759,16094,+
1194679,cp32-8,16087,16440,+
1194680,cp32-8,16545,17099,+
1194681,cp32-8,17205,17651,+
1194682,cp32-8,17688,18701,-
1194656,cp32-8,19091,20188,+
1194657,cp32-8,20198,20764,+
1194658,cp32-8,20740,21480,+
1194660,cp32-8,22113,22691,+
1194661,cp32-8,23366,24691,+
1194662,cp32-8,24744,25169,+
1194663,cp32-8,25175,25951,-
1194664,cp32-8,26382,26903,+
1194665,cp32-8,26931,28067,+
1194684,cp32-8,28251,28790,+
1194685,cp32-8,28970,29536,+
1194666,cp32-8,29533,30885,+
1194725,cp32-9,66,1292,+
1194726,cp32-9,1309,2001,+
1194727,cp32-9,2013,2579,+
1194728,cp32-9,2583,3350,+
1194699,cp32-9,4958,5413,+
1194700,cp32-9,5413,5796,+
1194701,cp32-9,5784,6173,+
1194702,cp32-9,6170,6736,+
1194730,cp32-9,7845,8273,+
1194731,cp32-9,8742,8978,+
1194732,cp32-9,8986,10260,+
1194733,cp32-9,11041,11991,+
1194703,cp32-9,12593,12925,+
1194704,cp32-9,12922,13797,+
1194707,cp32-9,15312,15515,+
1194708,cp32-9,15519,15866,+
1194709,cp32-9,15856,16191,+
1194710,cp32-9,16184,16537,+
1194711,cp32-9,16642,17196,+
1194712,cp32-9,17302,17730,+
1194714,cp32-9,19164,20264,+
1194715,cp32-9,20275,20841,+
1194716,cp32-9,20817,21572,+
1194717,cp32-9,21614,22174,+
1194718,cp32-9,22184,22723,+
1194719,cp32-9,23194,24519,+
1194720,cp32-9,24572,24997,+
1194722,cp32-9,26210,26770,+
1194723,cp32-9,26798,27829,+
1194734,cp32-9,28026,28544,+
1194736,cp32-9,28850,29302,+
1194724,cp32-9,29299,30651,+
1194073,lp28-1,467,1465,+
1194072,lp28-1,1720,2076,+
1194071,lp28-1,2098,2619,-
1194070,lp28-1,3201,3380,+
1194091,lp28-1,3682,3849,-
11473649,lp28-1,4278,4493,-
1194068,lp28-1,7354,7869,-
1194096,lp28-1,8772,9029,+
1194079,lp28-1,10698,10895,-
1194077,lp28-1,12441,12992,-
1194076,lp28-1,13029,13793,-
1194075,lp28-1,13769,14329,-
1194074,lp28-1,14351,15451,-
11473643,lp28-1,17058,17216,+
11473644,lp28-1,17551,17805,-
11473645,lp28-1,26997,28073,+
1194123,lp28-2,116,1009,+
1194101,lp28-2,1047,1928,+
1194103,lp28-2,5378,5950,+
1194104,lp28-2,5911,6678,+
1194105,lp28-2,6737,7288,+
1194127,lp28-2,11063,11491,-
1194128,lp28-2,11501,12319,-
1194113,lp28-2,12309,12752,-
1194129,lp28-2,12749,13141,-
1194114,lp28-2,13157,13495,-
1194115,lp28-2,13508,14341,-
1194116,lp28-2,14376,14885,-
1194117,lp28-2,14886,15431,-
1194118,lp28-2,15457,16482,-
1194119,lp28-2,16494,17684,-
11473560,lp28-2,17681,18019,-
1194120,lp28-2,18030,18827,-
1194121,lp28-2,18837,19619,-
1194122,lp28-2,19620,22259,-
1194100,lp28-2,22273,22659,-
1194130,lp28-2,22659,23033,-
1194106,lp28-2,23033,23725,-
1194131,lp28-2,23722,24108,-
1194107,lp28-2,24489,25955,+
1194132,lp28-2,25980,26390,+
1194108,lp28-2,26570,27085,+
1194109,lp28-2,27113,27940,+
1194110,lp28-2,28031,28831,+
1194133,lp28-2,28854,29618,-
1194141,lp28-3,391,858,+
1194134,lp28-3,1045,1368,+
1194140,lp28-3,1498,1680,+
1194149,lp28-3,2260,2970,-
1194151,lp28-3,3892,7728,-
11473564,lp28-3,8018,8431,+
11473566,lp28-3,9081,9236,+
1194136,lp28-3,9848,10516,-
1194172,lp28-3,11837,12028,+
1194161,lp28-3,15565,15810,-
1194162,lp28-3,16519,17415,+
1194142,lp28-3,17408,17974,+
1194143,lp28-3,17947,18702,+
1194144,lp28-3,18798,19427,+
1194146,lp28-3,21470,22219,+
1194165,lp28-3,22678,22953,+
1194169,lp28-3,25433,26371,-
1194137,lp28-3,26978,27445,-
1194138,lp28-3,27625,28197,-
1194202,lp28-4,174,608,+
1194180,lp28-4,736,1104,+
1194181,lp28-4,2536,3351,+
1194191,lp28-4,5128,5346,+
1194193,lp28-4,6603,6833,+
1194194,lp28-4,7183,8538,+
1194196,lp28-4,10495,10647,-
1194175,lp28-4,10815,11927,+
1194176,lp28-4,11924,12478,+
1194177,lp28-4,12454,13206,+
1194178,lp28-4,13265,13837,+
1194182,lp28-4,15352,16530,+
1194210,lp28-4,18518,19183,-
1194214,lp28-4,20771,21562,-
1194186,lp28-4,22095,22931,-
1194199,lp28-4,23159,23995,-
1194200,lp28-4,24223,25089,-
1194201,lp28-4,25794,26036,-
1194183,lp28-4,26360,26914,+
